{
    "code": 200,
    "data": {
        "menu": [
            {
                "name": "home",
                "path": "/home",
                "meta": {
                    "title": "首页",
                    "icon": "el-icon-eleme-filled",
                    "type": "menu"
                },
                "children": [
                    {
                        "name": "dashboard",
                        "path": "/dashboard",
                        "meta": {
                            "title": "控制台",
                            "icon": "el-icon-menu",
                            "affix": true
                        },
                        "component": "home/index"
                    }
                ]
            },
            {
                "name": "base",
                "path": "/base",
                "meta": {
                    "title": "基础业务",
                    "icon": "el-icon-eleme-filled",
                    "type": "menu"
                },
                "children": [
                    {
                        "path": "/base/plan",
                        "name": "plan",
                        "meta": {
                            "title": "套餐管理",
                            "icon": "el-icon-user-filled",
                            "type": "menu"
                        },
                        "component": "base/plan/index"
                    }
                ]
            },
 
            {
                "name": "setting",
                "path": "/setting",
                "meta": {
                    "title": "配置",
                    "icon": "el-icon-setting",
                    "type": "menu"
                },
                "children": [
                    {
                        "path": "/setting/user",
                        "name": "user",
                        "meta": {
                            "title": "用户管理",
                            "icon": "el-icon-user-filled",
                            "type": "menu"
                        },
                        "component": "setting/user"
                    },
                    {
                        "path": "/setting/role",
                        "name": "role",
                        "meta": {
                            "title": "角色管理",
                            "icon": "el-icon-notebook",
                            "type": "menu"
                        },
                        "component": "setting/role"
                    },
                    {
                        "path": "/setting/dept",
                        "name": "dept",
                        "meta": {
                            "title": "部门管理",
                            "icon": "sc-icon-organization",
                            "type": "menu"
                        },
                        "component": "setting/dept"
                    },
                    {
                        "path": "/setting/dic",
                        "name": "dic",
                        "meta": {
                            "title": "字典管理",
                            "icon": "el-icon-document",
                            "type": "menu"
                        },
                        "component": "setting/dic"
                    },
             
                    {
                        "path": "/setting/menu",
                        "name": "settingMenu",
                        "meta": {
                            "title": "菜单管理",
                            "icon": "el-icon-fold",
                            "type": "menu"
                        },
                        "component": "setting/menu"
                    }
              
                ]
            },
 
            {
                "path": "/other/about",
                "name": "about",
                "meta": {
                    "title": "demo",
                    "icon": "el-icon-info-filled",
                    "type": "menu"
                },
                "children": [
                    {
                        "path": "/setting/system",
                        "name": "system",
                        "meta": {
                            "title": "系统设置",
                            "icon": "el-icon-tools",
                            "type": "menu"
                        },
                        "component": "setting/system"
                    },
                    {
                        "path": "/vab/qrcode",
                        "name": "qrcode",
                        "meta": {
                            "title": "二维码",
                            "type": "menu"
                        },
                        "component": "vab/qrcode"
                    },
                    {
                        "path": "/vab/tableselect",
                        "name": "tableselect",
                        "meta": {
                            "title": "表格选择器",
                            "type": "menu"
                        },
                        "component": "vab/tableselect"
                    },
                    {
                        "path": "/vab/formtable",
                        "name": "formtable",
                        "meta": {
                            "title": "表单表格",
                            "type": "menu"
                        },
                        "component": "vab/formtable"
                    },
                    {
                        "path": "/vab/selectFilter",
                        "name": "selectFilter",
                        "meta": {
                            "title": "分类筛选器",
                            "type": "menu"
                        },
                        "component": "vab/selectFilter"
                    },
                    {
                        "path": "/vab/iconselect",
                        "name": "iconSelect",
                        "meta": {
                            "title": "图标选择器",
                            "type": "menu"
                        },
                        "component": "vab/iconselect"
                    },
                    {
                        "path": "/vab/editor",
                        "name": "editor",
                        "meta": {
                            "title": "富文本编辑器",
                            "type": "menu"
                        },
                        "component": "vab/editor"
                    },
                    {
                        "path": "/vab/contextmenu",
                        "name": "contextmenu",
                        "meta": {
                            "title": "右键菜单",
                            "type": "menu"
                        },
                        "component": "vab/contextmenu"
                    },
                    {
                        "path": "/vab/cropper",
                        "name": "cropper",
                        "meta": {
                            "title": "图像剪裁",
                            "type": "menu"
                        },
                        "component": "vab/cropper"
                    },
                    {
                        "path": "/vab/watermark",
                        "name": "watermark",
                        "meta": {
                            "title": "水印",
                            "type": "menu"
                        },
                        "component": "vab/watermark"
                    },
                    {
                        "path": "/vab/table/base",
                        "name": "tableBase",
                        "meta": {
                            "title": "基础数据列表",
                            "type": "menu"
                        },
                        "component": "vab/table/base"
                    },
                    {
                        "path": "/vab/table/remote",
                        "name": "tableRemote",
                        "meta": {
                            "title": "远程排序过滤",
                            "type": "menu"
                        },
                        "component": "vab/table/remote"
                    },
                
                    {
                        "path": "/template/list/crud",
                        "name": "listCrud",
                        "meta": {
                            "title": "CRUD",
                            "type": "menu"
                        },
                        "component": "template/list/crud"
                    },
                    {
                        "path": "/template/list/tree",
                        "name": "listTree",
                        "meta": {
                            "title": "左树右表",
                            "type": "menu"
                        },
                        "component": "template/list/tree"
                    },
                    {
                        "path": "/template/list/tab",
                        "name": "listTab",
                        "meta": {
                            "title": "分类表格",
                            "type": "menu"
                        },
                        "component": "template/list/tab"
                    },
                    {
                        "path": "/setting/table",
                        "name": "tableSetting",
                        "meta": {
                            "title": "表格列管理",
                            "icon": "el-icon-scale-to-original",
                            "type": "menu"
                        },
                        "component": "setting/table"
                    },
                    {
                        "path": "/other/directive",
                        "name": "directive",
                        "meta": {
                            "title": "指令",
                            "icon": "el-icon-price-tag",
                            "type": "menu"
                        },
                        "component": "other/directive"
                    },
                    {
                        "path": "/other/viewTags",
                        "name": "viewTags",
                        "meta": {
                            "title": "标签操作",
                            "icon": "el-icon-files",
                            "type": "menu"
                        },
                        "component": "other/viewTags",
                        "children": [
                            {
                                "path": "/other/fullpage",
                                "name": "fullpage",
                                "meta": {
                                    "title": "整页路由",
                                    "icon": "el-icon-monitor",
                                    "fullpage": true,
                                    "hidden": true,
                                    "type": "menu"
                                },
                                "component": "other/fullpage"
                            }
                        ]
                    },
                    {
                        "path": "/other/verificate",
                        "name": "verificate",
                        "meta": {
                            "title": "表单验证",
                            "icon": "el-icon-open",
                            "type": "menu"
                        },
                        "component": "other/verificate"
                    },
                    {
                        "path": "/test/codebug",
                        "name": "codebug",
                        "meta": {
                            "title": "异常处理",
                            "icon": "sc-icon-bug-line",
                            "type": "menu"
                        },
                        "component": "test/codebug"
                    },
                    {
                        "path": "/vab/workflow",
                        "name": "workflow",
                        "meta": {
                            "title": "工作流设计器",
                            "icon": "el-icon-share",
                            "type": "menu"
                        },
                        "component": "vab/workflow"
                    },
                    {
                        "path": "/vab/formrender",
                        "name": "formRender",
                        "meta": {
                            "title": "动态表单(Beta)",
                            "icon": "el-icon-message-box",
                            "type": "menu"
                        },
                        "component": "vab/form"
                    },
                    {
                        "path": "/setting/log",
                        "name": "log",
                        "meta": {
                            "title": "系统日志",
                            "icon": "el-icon-warning",
                            "type": "menu"
                        },
                        "component": "setting/log"
                    }

                ]
            }
        ],
        "permissions": [
            "list.add",
            "list.edit",
            "list.delete",
            "user.add",
            "user.edit",
            "user.delete"
        ]
    },
    "message": ""
}