[
    {
        "name": "单行文本",
        "placeholder": "请填写",
        "model": "model1",
        "type": "input",
        "value": "",
        "isRequired": true,
        "isNum": true
    },
    {
        "name": "多行文本",
        "placeholder": "请填写",
        "model": "model2",
        "type": "textarea",
        "value": "",
        "isRequired": true,
        "isNum": false
    },
    {
        "name": "图片附件上传",
        "placeholder": "请上传",
        "model": "model3",
        "type": "imgUpload",
        "value": "",
        "isRequired": true
    },
    {
        "name": "视频附件上传",
        "placeholder": "请上传",
        "model": "model4",
        "type": "videoUpload",
        "value": "http://www.baidu.com,http://www.baidu.com",
        "isRequired": true
    },
    {
        "name": "表单单选",
        "placeholder": "请填写",
        "model": "model2",
        "type": "select",
        "value": "是",
        "items": [
            {
                "text": "是"
            },
            {
                "text": "否"
            }
        ],
        "isRequired": true
    },
    {
        "name": "表单多选",
        "placeholder": "请填写",
        "model": "model2",
        "type": "checkbox",
        "value": "是",
        "items": [
            {
                "text": "选择A"
            },
            {
                "text": "选择B"
            }
        ],
        "isRequired": true
    },
    {
        "name": "日期选择",
        "placeholder": "请选择",
        "model": "model2",
        "type": "date",
        "value": "",
        "isRequired": true
    },
    {
        "name": "日期范围选择",
        "placeholder": "请选择",
        "model": "model2",
        "type": "daterange",
        "value": ["",""],
        "isRequired": true
    }

]