{
  "easycom": {
    "autoscan": true,
    "custom": {
      "fui-(.*)": "@/components/firstui/fui-$1/fui-$1.vue",
      "^uni-(.*)": "@dcloudio/uni-ui/lib/uni-$1/uni-$1.vue"
    }
  },
  "pages": [
    {
      "path": "pages/me/index",
      "style": {
        "navigationBarTitleText": "uni-app",
        "navigationBarBackgroundColor": "#fff", 
        "navigationBarTextStyle": "black",
        "navigationStyle": "custom"
      }
    },
    {
      "path": "pages/login/login",
      "style": {
        "navigationBarTitleText": ""
      }
    },


    {
      "path": "pages/demo/index",
      "style": {
        "navigationBarTitleText": "uni-app"
      }
    },
    {
      "path": "pages/tabbar/index",
      "style": {
        "navigationBarTitleText": "uni-app"
      }
    },
    {
      "path": "pages/demo/yifengDemo/index"
    },
    {
      "path": "pages/demo/yifengDemo/qrcode/index"
    },
    {
      "path": "pages/demo/yifengDemo/html2canvas/index"
    },
    {
      "path": "pages/demo/yifengDemo/select-user-org/index"
    },
    {
      "path": "pages/demoList/index",
      "text": ""
    },
    {
      "path": "pages/demoList/detail",
      "text": ""
    },
    {
      "path": "pages/demoList/add",
      "text": ""
    }
  ],
  "tabBar": {
		"color": "#333333",
		"selectedColor": "#465CFF",
		"borderStyle": "black",
		"backgroundColor": "#ffffff",
		"list": [
      {
				"pagePath": "pages/demo/yifengDemo/index",
				"text": ""
			},
      {
				"pagePath": "pages/demoList/index",
				"text": ""
			},
	
			{
				"pagePath": "pages/demo/index",
				"text": ""
			},
      {
				"pagePath": "pages/me/index",
				"text": ""
			}
		
		]
	},
  "globalStyle": {
    "navigationStyle": "custom",
    "navigationBarTextStyle": "black",
    "navigationBarTitleText": "uni-app",
    "navigationBarBackgroundColor": "#F8F8F8",
    "backgroundColor": "#F8F8F8"
  }
}
