{
	"easycom": {
		"autoscan": true,
		"custom": {
			"fui-(.*)": "@/components/firstui/fui-$1/fui-$1.vue",
			"^uni-(.*)": "@dcloudio/uni-ui/lib/uni-$1/uni-$1.vue"
		}
	},
	"pages": [
		{
			"path": "pages/home/index",
			"style": {
				"navigationBarTitleText": "商户端",
				"navigationStyle": "custom"
			}
		},
		{
			"path": "pages/selfRecords/index",
			"style": {
				"navigationBarTitleText": "自查",
				"enablePullDownRefresh": true,
				"onReachBottomDistance": 100
			}
		},
		{
			"path": "pages/pay/index",
			"style": {
				"navigationBarTitleText": "测试微信"
			}
		},
		{
			"path": "pages/map/index",
			"style": {
				"navigationBarTitleText": "地图",
				"navigationStyle": "custom"
			}
		},
		{
			"path": "pages/sign/index",
			"style": {
				"navigationBarTitleText": "登录"
			}
		},
		{
			"path": "pages/sign/ssoLogin",
			"style": {
				"navigationStyle": "custom"
			}
		},
		{
			"path": "pages/mine/mine",
			"style": {
				"navigationBarTitleText": "我的"
			}
		},
		{
			"path": "pages/homePage/awaitCheck/index",
			"style": {
				"navigationBarTitleText": "待整改项"
			}
		},
		{
			"path": "pages/homePage/awaitCheck/awaitCheckDetail/index",
			"style": {
				"navigationBarTitleText": "待整改项"
			}
		},
		{
			"path": "pages/homePage/awaitCheck/pictureCheck/index",
			"style": {
				"navigationBarTitleText": "拍照整改"
			}
		},
		{
			"path": "pages/homePage/beginCheck/index",
			"style": {
				"navigationBarTitleText": "选择商户检查"
			}
		},
		{
			"path": "pages/homePage/beginCheck/checkInformation",
			"style": {
				"navigationBarTitleText": "检查须知"
			}
		},
		{
			"path": "pages/homePage/beginCheck/startCheck",
			"style": {
				"navigationBarTitleText": "检查"
			}
		},
		{
			"path": "pages/homePage/logCheck/index",
			"style": {
				"navigationBarTitleText": "检查记录"
			}
		},
		{
			"path": "pages/homePage/logCheck/shopCheckLog",
			"style": {
				"navigationBarTitleText": "检查记录"
			}
		},
		{
			"path": "pages/homePage/logCheck/checkLogDetail",
			"style": {
				"navigationBarTitleText": "检查记录详情"
			}
		},
		{
			"path": "pages/homePage/finishCheck/index",
			"style": {
				"navigationBarTitleText": "已整改"
			}
		},
		{
			"path": "pages/homePage/finishCheck/detail",
			"style": {
				"navigationBarTitleText": "详情"
			}
		},
		// 二期新页面
		{
			"path": "pages/checkRecord/index",
			"style": {
				"navigationBarTitleText": "检查记录"
			}
		},
		{
			"path": "pages/checkList/index",
			"style": {
				"navigationBarTitleText": "检查表"
			}
		},
		{
			"path": "pages/checkListDetails/index",
			"style": {
				"navigationBarTitleText": "检查表详情"
			}
		},
		{
			"path": "pages/unqualified/index",
			"style": {
				"navigationBarTitleText": "不合格"
			}
		},
		{
			"path": "pages/signReport/index",
			"style": {
				"navigationBarTitleText": "签字报告"
			}
		},
		{
			"path": "pages/homePage/newCheck/index",
			"style": {
				"navigationBarTitleText": "选择商户检查"
			}
		},
		{
			"path": "pages/homePage/newCheck/businessDetail",
			"style": {
				"navigationBarTitleText": "商户注册"
			}
		},
		{
			"path": "pages/homePage/accept/index",
			"style": {
				"navigationBarTitleText": "要我整改",
				"enablePullDownRefresh": true
			}
		},
		{
			"path": "pages/homePage/accept/acceptProject",
			"style": {
				"navigationBarTitleText": "已整改项"
			}
		},
		{
			"path": "pages/homePage/accept/acceptDetail",
			"style": {
				"navigationBarTitleText": "整改详情"
			}
		},
		{
			"path": "pages/home/accept/index",
			"style": {
				"navigationBarTitleText": "要我整改"
			}
		},
		{
			"path": "pages/home/accept/acceptProject",
			"style": {
				"navigationBarTitleText": "已整改项"
			}
		},
		{
			"path": "pages/home/accept/acceptDetail",
			"style": {
				"navigationBarTitleText": "整改详情"
			}
		},
		{
			"path": "pages/companyList/index",
			"style": {
				"navigationBarTitleText": "红黑榜"
			}
		},
		{
			"path": "pages/learningCenters/index",
			"style": {
				"navigationBarTitleText": "学习角",
				"enablePullDownRefresh": true,
				"onReachBottomDistance": 100
			}
		},
		{
			"path": "pages/learningCenters/details",
			"style": {
				"navigationBarTitleText": "学习角"
			}
		},
		{
			"path": "pages/mine/mQrcode",
			"style": {
				"navigationBarTitleText": "商户码"
			}
		},
		{
			"path": "pages/message/index",
			"style": {
				"navigationBarTitleText": "消息中心"
			}
		},
		{
			"path": "pages/messageDetails/index",
			"style": {
				"navigationBarTitleText": "消息详情"
			}
		},
		{
			"path": "pages/merchant/index",
			"style": {
				"navigationBarTitleText": "商户信息",
				"onReachBottomDistance": 100
			}
		},
		{
			"path": "pages/staffManagement/index",
			"style": {
				"navigationBarTitleText": "员工管理",
				"onReachBottomDistance": 100
			}
		},
		{
			"path": "pages/staffManagement/addStaff",
			"style": {
				"navigationBarTitleText": "添加员工",
				"onReachBottomDistance": 100
			}
		},
		{
			"path": "pages/calendar/index",
			"style": {
				"navigationBarTitleText": "巡检日历",
				"enablePullDownRefresh": true,
				"onReachBottomDistance": 100
			}
		},
		{
			"path": "pages/messageCenter/index",
			"style": {
				"navigationBarTitleText": "消息中心",
				"enablePullDownRefresh": true,
				"onReachBottomDistance": 100
			}
		},
		{
			"path": "pages/warning/detail",
			"style": {
				"navigationBarTitleText": "查看详情"
			}
		}
	],
	"globalStyle": {
		"navigationBarTextStyle": "black",
		"navigationBarTitleText": "商贸安全自查",
		"navigationBarBackgroundColor": "#FFFFFF",
		"backgroundColor": "#F8F8F8",
		"navigationStyle": "custom"
	},
	"tabBar": {
		"color": "#333333",
		"selectedColor": "#465CFF",
		"borderStyle": "black",
		"backgroundColor": "#ffffff",
		"list": [
			{
				"pagePath": "pages/home/index",
				"iconPath": "static/home/home.png",
				"selectedIconPath": "static/home/home_clicked.png",
				"text": "首页"
			},
			{
				"pagePath": "pages/calendar/index",
				"iconPath": "static/home/date.png",
				"selectedIconPath": "static/home/date_active.png",
				"text": "巡检日历"
			},
			{
				"pagePath": "pages/messageCenter/index",
				"iconPath": "static/home/message.png",
				"selectedIconPath": "/static/home/message_active.png",
				"text": "消息中心"
			},
			{
				"pagePath": "pages/companyList/index",
				"iconPath": "static/home/list_icon.png",
				"selectedIconPath": "static/home/list_icon_clicked.png",
				"text": "红黑榜"
			},
			{
				"pagePath": "pages/mine/mine",
				"iconPath": "static/home/mine.png",
				"selectedIconPath": "static/home/mine_clicked.png",
				"text": "我的"
			}
		]
		// "globalStyle": {
		// 	"navigationBarTextStyle": "black",
		// 	"navigationBarTitleText": "商贸安全自查",
		// 	"navigationBarBackgroundColor": "#F8F8F8",
		// 	"backgroundColor": "#F8F8F8"
		// }
	}
}
